datetime,volume,ticks,open,low,high,cost,close
2023-03-27 23:01,5347.73602589,1679929200000,26958.0,26633.5,26959.5,143350620.0,26688.5
2023-03-27 23:06,2821.19490267,1679929500000,26720.0,26300.0,26858.5,75504240.0,26668.0
2023-03-27 23:11,9900.33087893,1679929800000,26668.0,26274.0,27111.0,263943690.0,26719.5
2023-03-27 23:16,5626.74902258,1679930100000,26720.0,26440.5,27222.0,150729280.0,26839.5
2023-03-27 23:21,3847.53002638,1679930400000,26839.5,26447.0,27275.5,103299770.0,26891.0
2023-03-27 23:26,5026.84816227,1679930700000,26891.0,26451.0,27254.5,135027090.0,26962.5
2023-03-27 23:31,953.57348396,1679931000000,26962.5,26906.5,27023.5,25694030.0,26954.0
2023-03-27 23:36,1409.78554539,1679931300000,26958.5,26826.0,26987.5,37906630.0,26900.0
2023-03-27 23:41,855.19173252,1679931600000,26900.0,26855.0,26955.0,22994510.0,26942.0
2023-03-27 23:46,738.42142662,1679931900000,26941.5,26861.5,26950.0,19866240.0,26917.5
2023-03-27 23:51,11835.74771071,1679932200000,26917.0,26502.0,27364.5,319048640.0,26954.0
2023-03-27 23:56,3458.09906287,1679932500000,26954.5,26853.5,27340.0,93180750.0,26921.0
2023-03-28 00:01,656.60921171,1679932800000,26921.0,26880.0,27098.5,17679380.0,27077.0
2023-03-28 00:06,904.80731305,1679933100000,27076.5,27073.0,27223.0,24566330.0,27180.0
2023-03-28 00:11,377.65905109,1679933400000,27180.0,27140.0,27214.0,10260360.0,27198.0
2023-03-28 00:16,4455.39643319,1679933700000,27198.0,26803.0,27618.5,121443860.0,27292.5
2023-03-28 00:21,3531.06845784,1679934000000,27290.5,26877.5,27694.5,96440630.0,27236.0
2023-03-28 00:26,4130.76935983,1679934300000,27236.0,26787.0,27602.5,112474700.0,27204.0
2023-03-28 00:31,782.45697786,1679934600000,27202.5,27200.5,27261.5,21309590.0,27222.5
2023-03-28 00:36,2774.25659583,1679934900000,27223.0,26801.5,27615.0,75490450.0,27174.5
2023-03-28 00:41,5206.31283196,1679935200000,27175.0,26752.5,27566.5,141463260.0,27164.0
2023-03-28 00:46,342.5788277,1679935500000,27164.0,27142.5,27190.0,9306270.0,27149.0
2023-03-28 00:51,273.33520472,1679935800000,27149.5,27090.0,27149.5,7412000.0,27124.0
2023-03-28 00:56,478.62082496,1679936100000,27125.0,27104.0,27163.0,12983780.0,27163.0
2023-03-28 01:01,680.29853895,1679936400000,27162.0,27136.5,27231.0,18492120.0,27205.0
2023-03-28 01:06,726.65065251,1679936700000,27207.0,27120.5,27207.0,19734280.0,27131.5
2023-03-28 01:11,702.30403195,1679937000000,27131.0,27103.5,27148.0,19049620.0,27137.5
2023-03-28 01:16,420.04077259,1679937300000,27138.0,27109.0,27158.5,11398210.0,27122.0
2023-03-28 01:21,280.445357,1679937600000,27133.5,27128.5,27185.0,7614920.0,27153.0
2023-03-28 01:26,1120.56375109,1679937900000,27153.0,26998.0,27153.5,30314190.0,27021.5
2023-03-28 01:31,1053.78725479,1679938200000,27017.5,27014.0,27089.5,28504720.0,27079.5
2023-03-28 01:36,416.37787677,1679938500000,27079.0,27019.0,27079.0,11260500.0,27036.0
2023-03-28 01:41,782.97516674,1679938800000,27036.5,26977.5,27110.0,21174240.0,27062.5
2023-03-28 01:46,1553.15811918,1679939100000,27043.5,26647.0,27457.0,42176660.0,27037.0
2023-03-28 01:51,2434.83963126,1679939400000,27035.5,26944.5,27418.0,65873850.0,26979.0
2023-03-28 01:56,1559.0658947,1679939700000,26979.0,26946.5,27082.0,42089120.0,26974.0
2023-03-28 02:01,336.02454285,1679940000000,26974.0,26961.5,27002.5,9067270.0,26981.0
2023-03-28 02:06,3254.50230166,1679940300000,26981.0,26586.5,27395.5,87830010.0,27059.5
2023-03-28 02:11,262.43833736,1679940600000,27059.5,27021.0,27073.0,7098910.0,27073.0
2023-03-28 02:16,2665.9352798,1679940900000,27074.5,26674.5,27481.0,72254230.0,27159.5
2023-03-28 02:21,280.50285424,1679941200000,27159.0,27063.0,27159.0,7602670.0,27063.0
2023-03-28 02:26,555.09467755,1679941500000,27062.5,27062.5,27102.5,15035350.0,27087.5
2023-03-28 02:31,122.24256377,1679941800000,27087.0,27087.0,27125.5,3313220.0,27112.5
2023-03-28 02:36,121.11591655,1679942100000,27112.5,27092.5,27118.0,3282720.0,27110.0
2023-03-28 02:41,256.39796339,1679942400000,27110.5,27103.5,27148.0,6954650.0,27127.5
2023-03-28 02:46,416.7071812,1679942700000,27127.5,27124.0,27179.0,11315350.0,27158.0
2023-03-28 02:51,382.59645489,1679943000000,27158.0,27107.0,27163.0,10379760.0,27108.0
2023-03-28 02:56,1390.85074456,1679943300000,27106.0,27038.5,27516.5,37755750.0,27104.5
2023-03-28 03:01,1662.26522682,1679943600000,27104.5,26705.0,27517.5,45135070.0,27082.0
2023-03-28 03:06,3331.29839516,1679943900000,27080.5,26661.5,27471.5,90178680.0,27043.0
2023-03-28 03:11,8929.77944034,1679944200000,27047.0,26639.0,27473.5,241749280.0,27077.5
2023-03-28 03:16,101.39691247,1679944500000,27077.5,27058.5,27081.0,2744650.0,27065.0
2023-03-28 03:21,101.57064395,1679944800000,27065.5,27060.5,27123.5,2752320.0,27123.5
2023-03-28 03:26,187.77593787,1679945100000,27123.5,27120.0,27159.0,5096790.0,27129.0
2023-03-28 03:31,2103.06051449,1679945400000,27129.0,26709.5,27523.5,57040340.0,27088.5
2023-03-28 03:36,477.47722028,1679945700000,27088.5,27010.0,27092.5,12913500.0,27031.5
2023-03-28 03:41,219.83975179,1679946000000,27031.5,27008.5,27060.0,5941740.0,27017.0
2023-03-28 03:46,147.60274043,1679946300000,27017.0,27017.0,27039.0,3989110.0,27038.5
2023-03-28 03:51,265.57217834,1679946600000,27038.0,27008.0,27070.5,7181190.0,27055.5
2023-03-28 03:56,670.74683818,1679946900000,27054.5,26952.0,27054.5,18106660.0,26969.5
2023-03-28 04:01,468.78867754,1679947200000,26969.5,26969.5,27070.0,12668460.0,27017.5
2023-03-28 04:06,1283.67510762,1679947500000,27016.0,26900.0,27042.5,34607800.0,26926.5
2023-03-28 04:11,189.6338274,1679947800000,26925.5,26925.5,26969.5,5110420.0,26955.0
2023-03-28 04:16,307.87123642,1679948100000,26955.0,26935.5,26988.5,8299320.0,26988.5
2023-03-28 04:21,159.39555371,1679948400000,26989.0,26989.0,27016.0,4304110.0,27005.5
2023-03-28 04:26,406.65954579,1679948700000,27005.5,26991.0,27058.5,10990750.0,27058.5
2023-03-28 04:31,553.67430932,1679949000000,27059.0,27029.5,27060.0,14978670.0,27032.5
2023-03-28 04:36,49.62683849,1679949300000,27032.5,27015.5,27032.5,1341120.0,27022.0
2023-03-28 04:41,4808.49596311,1679949600000,27021.5,26634.0,27431.5,130057910.0,26993.0
2023-03-28 04:46,529.41837601,1679949900000,26993.0,26911.5,27019.5,14274010.0,26911.5
2023-03-28 04:51,1177.26229864,1679950200000,26977.5,26575.0,27384.0,31732480.0,27017.5
2023-03-28 04:56,116.54916244,1679950500000,27017.0,27008.5,27048.0,3150330.0,27041.5
2023-03-28 05:01,999.88190818,1679950800000,27041.5,26955.5,27087.0,27023260.0,27043.5
2023-03-28 05:06,440.73428962,1679951100000,27043.0,27043.0,27147.5,11946750.0,27146.0
2023-03-28 05:11,726.86360699,1679951400000,27142.0,27103.5,27153.0,19721540.0,27122.5
2023-03-28 05:16,73.72889084,1679951700000,27122.5,27103.0,27126.5,1999320.0,27105.0
2023-03-28 05:21,676.60549715,1679952000000,27104.5,27104.5,27190.5,18361650.0,27147.5
2023-03-28 05:26,279.35828605,1679952300000,27150.0,27129.5,27164.0,7581640.0,27129.5
2023-03-28 05:31,60.72804302,1679952600000,27127.0,27125.5,27156.5,1648130.0,27144.0
2023-03-28 05:36,29.36114055,1679952900000,27144.0,27135.5,27153.5,797060.0,27148.5
2023-03-28 05:41,33.86305926,1679953200000,27148.0,27109.0,27148.0,918530.0,27109.0
2023-03-28 05:46,26.76625696,1679953500000,27108.5,27108.5,27139.0,725880.0,27139.0
2023-03-28 05:51,58.23755863,1679953800000,27139.0,27139.0,27173.0,1581570.0,27154.5
2023-03-28 05:56,79.04632988,1679954100000,27154.5,27140.5,27179.5,2147150.0,27171.0
2023-03-28 06:01,810.7570848,1679954400000,27171.0,27139.5,27187.0,22020260.0,27160.0
2023-03-28 06:06,322.737823,1679954700000,27162.0,27134.0,27172.0,8760400.0,27172.0
2023-03-28 06:11,3108.4534463,1679955000000,27172.0,26826.5,27641.0,84607460.0,27202.5
2023-03-28 06:16,4385.28298021,1679955300000,27199.5,26761.0,27575.0,119168890.0,27166.5
2023-03-28 06:21,5279.03771578,1679955600000,27166.5,26759.5,27576.5,143450460.0,27170.0
2023-03-28 06:26,149.01470038,1679955900000,27170.0,27147.5,27174.0,4047590.0,27156.0
2023-03-28 06:31,233.20972405,1679956200000,27156.0,27113.5,27171.5,6327940.0,27131.0
2023-03-28 06:36,243.11479402,1679956500000,27131.5,27092.5,27145.0,6593460.0,27104.0
2023-03-28 06:41,423.7497344,1679956800000,27104.5,27083.5,27130.0,11483730.0,27111.0
2023-03-28 06:46,292.01345463,1679957100000,27111.0,27097.0,27135.0,7919790.0,27113.5
2023-03-28 06:51,14.11375751,1679957400000,27113.5,27108.5,27115.5,382680.0,27108.5
2023-03-28 06:56,195.33414306,1679957700000,27109.0,27087.5,27116.5,5293960.0,27103.5
2023-03-28 07:01,233.97312586,1679958000000,27104.5,27069.5,27108.0,6336150.0,27099.0
2023-03-28 07:06,2304.69212013,1679958300000,27098.0,26710.5,27526.0,62464690.0,27115.0
2023-03-28 07:11,1959.99561514,1679958600000,27115.5,26718.0,27516.5,53174320.0,27136.0
2023-03-28 07:16,60.23005747,1679958900000,27136.0,27125.0,27141.5,1634230.0,27134.0
2023-03-28 07:21,59.10366946,1679959200000,27138.5,27136.0,27147.5,1604140.0,27139.5
2023-03-28 07:26,68.26685947,1679959500000,27139.5,27139.5,27161.5,1853650.0,27161.5
2023-03-28 07:31,64.39008775,1679959800000,27161.5,27149.5,27165.0,1748750.0,27161.5
2023-03-28 07:36,339.69441998,1679960100000,27161.5,27155.5,27187.0,9233550.0,27180.0
2023-03-28 07:41,402.0473057,1679960400000,27179.5,27111.0,27179.5,10914120.0,27113.5
2023-03-28 07:46,1003.76335268,1679960700000,27113.5,27113.5,27177.0,27245620.0,27168.0
2023-03-28 07:51,59.96469058,1679961000000,27168.0,27155.5,27175.5,1629110.0,27155.5
2023-03-28 07:56,75.74312278,1679961300000,27155.5,27139.0,27155.5,2056190.0,27139.0
2023-03-28 08:01,707.88247962,1679961600000,27141.5,27124.0,27175.5,19218120.0,27132.0
2023-03-28 08:06,3765.58163624,1679961900000,27132.5,26709.5,27500.0,102146130.0,27110.0
2023-03-28 08:11,176.01751269,1679962200000,27110.0,27108.5,27138.0,4774760.0,27112.5
2023-03-28 08:16,111.44990399,1679962500000,27112.5,27083.5,27120.5,3020290.0,27091.0
2023-03-28 08:21,413.81742298,1679962800000,27090.5,27070.5,27112.5,11210050.0,27083.5
2023-03-28 08:26,220.59218869,1679963100000,27083.5,27069.0,27111.0,5974250.0,27094.5
2023-03-28 08:31,164.38669214,1679963400000,27094.5,27070.0,27094.5,4452100.0,27070.0
2023-03-28 08:36,539.56548913,1679963700000,27070.0,27063.0,27122.0,14616970.0,27110.0
2023-03-28 08:41,2519.18479438,1679964000000,27109.5,26667.5,27479.0,68369320.0,27074.0
2023-03-28 08:46,55.00102019,1679964300000,27074.0,27055.5,27077.0,1488590.0,27059.0
2023-03-28 08:51,1191.38643953,1679964600000,27059.0,26962.0,27059.0,32175950.0,26989.5
2023-03-28 08:56,530.91237117,1679964900000,26990.0,26961.5,27014.5,14328760.0,26976.0
2023-03-28 09:01,1695.16151438,1679965200000,26976.5,26858.5,26976.5,45597510.0,26887.5
2023-03-28 09:06,638.67427789,1679965500000,26887.5,26887.5,26930.5,17189130.0,26899.5
2023-03-28 09:11,443.09670209,1679965800000,26899.5,26888.0,26949.0,11929500.0,26908.5
2023-03-28 09:16,1031.00867508,1679966100000,26908.5,26908.5,27019.5,27815410.0,26992.0
2023-03-28 09:21,522.85241107,1679966400000,26992.0,26959.5,26997.0,14106700.0,26996.5
2023-03-28 09:26,141.7893146,1679966700000,26997.0,26997.0,27035.5,3831680.0,27024.0
2023-03-28 09:31,305.21417103,1679967000000,27024.0,27013.0,27038.5,8248070.0,27038.5
2023-03-28 09:36,1173.04686458,1679967300000,27038.5,27038.5,27188.5,31827920.0,27133.5
2023-03-28 09:41,198.73744975,1679967600000,27133.5,27105.0,27154.5,5390990.0,27106.5
2023-03-28 09:46,336.41164608,1679967900000,27106.5,27090.0,27127.0,9120730.0,27099.0
2023-03-28 09:51,321.21050271,1679968200000,27098.5,27045.5,27098.5,8690790.0,27058.5
2023-03-28 09:56,348.58273432,1679968500000,27058.5,27051.5,27097.0,9440020.0,27081.5
2023-03-28 10:01,38.42142751,1679968800000,27081.0,27063.0,27081.0,1040190.0,27068.0
2023-03-28 10:06,35.95244399,1679969100000,27067.5,27058.0,27090.5,973310.0,27090.5
2023-03-28 10:11,32.98047236,1679969400000,27090.0,27069.0,27090.5,893140.0,27069.0
2023-03-28 10:16,145.92747551,1679969700000,27068.5,27045.0,27075.5,3948560.0,27069.0
2023-03-28 10:21,155.57480843,1679970000000,27069.0,27029.5,27069.0,4208250.0,27042.5
2023-03-28 10:26,503.37790609,1679970300000,27042.0,26985.0,27042.0,13591580.0,26996.5
2023-03-28 10:31,262.1963073,1679970600000,26997.0,26997.0,27029.5,7084890.0,27012.5
2023-03-28 10:36,63.86006679,1679970900000,27012.0,27000.0,27047.5,1725760.0,27022.0
2023-03-28 10:41,563.09415445,1679971200000,27021.5,27001.5,27024.5,15213140.0,27024.0
2023-03-28 10:46,156.44536347,1679971500000,27024.0,27011.5,27042.0,4229600.0,27042.0
2023-03-28 10:51,221.66085752,1679971800000,27042.0,27016.0,27048.0,5992830.0,27036.0
2023-03-28 10:56,487.91765399,1679972100000,27036.0,27036.0,27063.0,13198550.0,27052.0
2023-03-28 11:01,34.58423964,1679972400000,27052.0,27048.0,27053.5,935550.0,27048.0
2023-03-28 11:06,68.08732774,1679972700000,27048.0,27042.5,27051.5,1841610.0,27042.5
2023-03-28 11:11,69.21275942,1679973000000,27042.5,27012.5,27042.5,1870560.0,27023.0
2023-03-28 11:16,27.04573528,1679973300000,27024.5,26989.0,27032.0,730690.0,26989.0
2023-03-28 11:21,266.77151142,1679973600000,26989.0,26970.0,27001.5,7199150.0,26984.0
2023-03-28 11:26,34.59115728,1679973900000,26984.5,26980.0,26988.0,933410.0,26980.0
2023-03-28 11:31,137.39915912,1679974200000,26980.0,26939.5,26992.5,3704280.0,26950.0
2023-03-28 11:36,191.48818359,1679974500000,26945.5,26925.0,26973.0,5161910.0,26973.0
2023-03-28 11:41,48.58049976,1679974800000,26973.0,26967.5,26987.0,1310450.0,26969.5
2023-03-28 11:46,26.10713272,1679975100000,26969.0,26958.5,27012.5,704480.0,27012.5
2023-03-28 11:51,212.16132159,1679975400000,27012.5,26988.0,27020.0,5729160.0,26994.5
2023-03-28 11:56,14.10568864,1679975700000,26994.5,26982.0,26995.0,380690.0,26982.0
2023-03-28 12:01,35.33517419,1679976000000,26982.0,26964.5,26982.5,953070.0,26964.5
2023-03-28 12:06,51.07073222,1679976300000,26964.0,26942.0,26980.5,1377040.0,26954.0
2023-03-28 12:11,51.75605049,1679976600000,26953.0,26953.0,26999.5,1396330.0,26999.5
2023-03-28 12:16,27.75229666,1679976900000,27000.0,26994.5,27003.0,749310.0,26999.5
2023-03-28 12:21,414.67098779,1679977200000,27000.0,26959.0,27006.5,11192120.0,27006.5
2023-03-28 12:26,186.28523593,1679977500000,27006.5,26935.5,27045.0,5025070.0,26971.0
2023-03-28 12:31,318.29115179,1679977800000,26970.5,26950.0,26974.0,8581320.0,26954.5
2023-03-28 12:36,330.50909365,1679978100000,26955.0,26953.5,26967.5,8912480.0,26966.5
2023-03-28 12:41,9.02998807,1679978400000,26967.5,26941.0,26967.5,243410.0,26941.0
2023-03-28 12:46,70.48767403,1679978700000,26941.0,26924.0,26946.5,1898210.0,26925.0
2023-03-28 12:51,49.1713631,1679979000000,26925.0,26916.5,26937.5,1323970.0,26916.5
2023-03-28 12:56,44.10130108,1679979300000,26916.5,26916.5,26982.0,1188050.0,26982.0
2023-03-28 13:01,69.19592716,1679979600000,26982.5,26978.5,27008.5,1867720.0,26990.5
2023-03-28 13:06,381.51283872,1679979900000,26990.0,26950.5,26990.0,10290540.0,26950.5
2023-03-28 13:11,500.82386765,1679980200000,26950.5,26922.0,26968.5,13491180.0,26966.0
2023-03-28 13:16,50.06593642,1679980500000,26966.0,26928.5,26979.5,1349590.0,26935.0
2023-03-28 13:21,197.61053449,1679980800000,26935.0,26931.5,26950.5,5324680.0,26943.0
2023-03-28 13:26,343.10226739,1679981100000,26943.5,26927.5,26950.0,9242480.0,26931.5
2023-03-28 13:31,691.95377556,1679981400000,26928.5,26892.5,27002.0,18628340.0,26948.0
2023-03-28 13:36,516.51574509,1679981700000,26948.0,26929.0,27011.0,13920790.0,26942.5
2023-03-28 13:41,348.18275189,1679982000000,26942.5,26924.0,26999.0,9378840.0,26933.5
2023-03-28 13:46,485.43047169,1679982300000,26933.0,26916.0,26961.5,13078070.0,26924.5
2023-03-28 13:51,320.75152942,1679982600000,26924.5,26924.5,26938.0,8638720.0,26934.5
2023-03-28 13:56,525.33975017,1679982900000,26934.5,26914.5,26986.0,14159300.0,26984.5
2023-03-28 14:01,492.49007864,1679983200000,26984.5,26983.5,27051.5,13306080.0,27051.5
2023-03-28 14:06,443.06556543,1679983500000,27051.5,27040.5,27135.5,12008690.0,27116.5
2023-03-28 14:11,162.83947472,1679983800000,27116.5,27067.0,27118.0,4411620.0,27082.5
2023-03-28 14:16,136.2506406,1679984100000,27083.0,27083.0,27127.5,3693670.0,27103.0
2023-03-28 14:21,214.64375417,1679984400000,27103.0,27097.0,27140.0,5819730.0,27127.0
2023-03-28 14:26,127.04681064,1679984700000,27109.5,27092.5,27126.5,3443570.0,27102.0
2023-03-28 14:31,229.98576,1679985000000,27101.5,27092.5,27121.5,6233790.0,27102.0
2023-03-28 14:36,179.55548383,1679985300000,27102.0,27096.5,27150.0,4872510.0,27097.0
2023-03-28 14:41,459.15986831,1679985600000,27097.0,27047.0,27097.0,12428010.0,27065.5
2023-03-28 14:46,63.15254454,1679985900000,27065.5,27052.5,27083.0,1709270.0,27079.5
2023-03-28 14:51,68.40839937,1679986200000,27079.5,27064.5,27094.0,1852150.0,27091.5
2023-03-28 14:56,52.76132987,1679986500000,27090.5,27065.5,27090.5,1428810.0,27084.0
2023-03-28 15:01,91.49244003,1679986800000,27082.5,27079.0,27112.5,2478980.0,27087.0
2023-03-28 15:06,149.29670764,1679987100000,27087.0,27060.0,27088.5,4042310.0,27080.0
2023-03-28 15:11,180.7657476,1679987400000,27082.5,27045.5,27101.0,4895950.0,27045.5
2023-03-28 15:16,75.09060824,1679987700000,27046.0,27030.5,27052.5,2030510.0,27045.0
2023-03-28 15:21,279.68606769,1679988000000,27045.0,27023.0,27052.5,7561610.0,27037.5
2023-03-28 15:26,215.56321355,1679988300000,27038.0,27034.0,27055.0,5829390.0,27039.5
2023-03-28 15:31,5327.30308643,1679988600000,27039.5,26640.0,27454.5,144117080.0,27036.0
2023-03-28 15:36,40.12459608,1679988900000,27036.0,27036.0,27057.5,1085310.0,27057.5
2023-03-28 15:41,333.59482304,1679989200000,27057.0,27043.5,27074.5,9026490.0,27044.0
2023-03-28 15:46,22.45052624,1679989500000,27044.0,27044.0,27054.5,607300.0,27049.0
2023-03-28 15:51,93.50183304,1679989800000,27048.5,27019.5,27048.5,2527510.0,27019.5
2023-03-28 15:56,467.96976389,1679990100000,27019.0,26939.5,27019.5,12625640.0,26965.0
2023-03-28 16:01,60.65554602,1679990400000,26965.0,26934.0,26976.0,1634970.0,26938.5
2023-03-28 16:06,174.83918682,1679990700000,26938.0,26937.5,26977.5,4714400.0,26968.5
2023-03-28 16:11,89.96259353,1679991000000,26968.0,26964.5,26989.5,2426870.0,26965.0
2023-03-28 16:16,87.46104102,1679991300000,26964.5,26956.5,26977.5,2358640.0,26970.5
2023-03-28 16:21,59.13289336,1679991600000,26970.5,26936.0,26971.0,1593800.0,26952.0
2023-03-28 16:26,55.14239497,1679991900000,26952.5,26952.5,26986.5,1487310.0,26979.0
2023-03-28 16:31,100.64702969,1679992200000,26980.0,26945.0,26980.0,2713100.0,26950.0
2023-03-28 16:36,471.64474806,1679992500000,26950.0,26947.5,26968.0,12715870.0,26967.0
2023-03-28 16:41,281.20551348,1679992800000,26966.5,26961.0,27006.0,7585690.0,27006.0
2023-03-28 16:46,62.38815118,1679993100000,27006.0,26989.5,27029.5,1685160.0,27006.5
2023-03-28 16:51,64.21743611,1679993400000,27006.5,27006.5,27046.0,1735720.0,27046.0
2023-03-28 16:56,34.87071848,1679993700000,27045.5,27015.5,27045.5,942420.0,27024.0
2023-03-28 17:01,23.04426523,1679994000000,27024.5,27019.0,27030.0,622760.0,27019.0
2023-03-28 17:06,31.51545304,1679994300000,27019.0,27015.0,27025.5,851570.0,27015.0
2023-03-28 17:11,88.72427651,1679994600000,27015.0,27012.5,27020.0,2396980.0,27015.5
2023-03-28 17:16,121.80443478,1679994900000,27015.5,26990.5,27056.0,3292180.0,26990.5
2023-03-28 17:21,161.8232672,1679995200000,26994.5,26956.0,26994.5,4364840.0,26974.5
2023-03-28 17:26,38.16796297,1679995500000,26974.5,26961.0,26995.0,1029760.0,26994.5
2023-03-28 17:31,296.16848299,1679995800000,26994.5,26966.5,26994.5,7989410.0,26975.0
2023-03-28 17:36,19.40895132,1679996100000,26975.5,26955.0,26981.0,523470.0,26955.5
2023-03-28 17:41,15.23431717,1679996400000,26955.0,26955.0,26967.5,410700.0,26955.0
2023-03-28 17:46,573.98963059,1679996700000,26955.0,26844.0,26955.0,15432150.0,26862.0
2023-03-28 17:51,470.55638593,1679997000000,26862.0,26844.5,26921.0,12645680.0,26900.5
2023-03-28 17:56,309.51770885,1679997300000,26901.0,26879.0,26930.0,8328700.0,26892.0
2023-03-28 18:01,1779.35676645,1679997600000,26890.5,26873.0,26911.5,47859130.0,26906.5
2023-03-28 18:06,61.40014006,1679997900000,26906.5,26898.5,26939.0,1652810.0,26898.5
2023-03-28 18:11,62.90663442,1679998200000,26898.5,26898.5,26935.0,1693090.0,26912.0
2023-03-28 18:16,2280.42125892,1679998500000,26912.5,26481.5,27286.0,61374910.0,26871.0
2023-03-28 18:21,2992.08245487,1679998800000,26869.5,26445.0,27250.0,80284310.0,26742.0
2023-03-28 18:26,867.18725411,1679999100000,26756.0,26755.0,26835.5,23235640.0,26773.5
2023-03-28 18:31,4539.53804816,1679999400000,26773.5,26356.5,27207.0,121639620.0,26721.0
2023-03-28 18:36,1445.45039442,1679999700000,26720.0,26663.5,26741.0,38594810.0,26711.0
2023-03-28 18:41,3590.44357804,1680000000000,26711.0,26693.5,26758.0,96023760.0,26727.0
2023-03-28 18:46,2252.12176927,1680000300000,26728.5,26661.5,26757.5,60199340.0,26699.0
2023-03-28 18:51,766.94869019,1680000600000,26699.0,26661.5,26707.5,20462910.0,26693.0
2023-03-28 18:56,419.28836696,1680000900000,26691.5,26678.0,26745.0,11202230.0,26739.5
2023-03-28 19:01,409.10374809,1680001200000,26740.0,26734.0,26797.0,10949180.0,26785.5
2023-03-28 19:06,139.26494435,1680001500000,26786.0,26751.0,26790.0,3728390.0,26764.0
2023-03-28 19:11,1004.05941835,1680001800000,26764.0,26730.5,26853.5,26879720.0,26837.5
2023-03-28 19:16,680.28512871,1680002100000,26836.0,26816.5,26884.5,18261360.0,26866.5
2023-03-28 19:21,879.56558408,1680002400000,26867.0,26867.0,27016.0,23697710.0,26960.5
2023-03-28 19:26,710.27836633,1680002700000,26960.0,26901.0,26965.0,19134960.0,26907.0
2023-03-28 19:31,3542.60253734,1680003000000,26908.0,26503.0,27311.0,95512310.0,26888.0
2023-03-28 19:36,460.81170303,1680003300000,26888.5,26888.5,26941.5,12404470.0,26908.0
2023-03-28 19:41,1025.10641135,1680003600000,26905.5,26863.5,26995.0,27599940.0,26912.0
2023-03-28 19:46,678.75275711,1680003900000,26912.0,26909.5,27034.5,18301510.0,27017.0
2023-03-28 19:51,1445.03650404,1680004200000,27018.5,27018.5,27162.0,39173420.0,27151.0
2023-03-28 19:56,689.76297124,1680004500000,27151.0,27067.5,27155.5,18701480.0,27067.5
2023-03-28 20:01,1567.439782,1680004800000,27067.0,27067.0,27206.0,42554030.0,27151.5
2023-03-28 20:06,1140.6613211,1680005100000,27153.0,27079.0,27211.5,30969160.0,27123.5
2023-03-28 20:11,378.9386357,1680005400000,27123.5,27072.0,27130.0,10270550.0,27085.0
2023-03-28 20:16,7502.05848185,1680005700000,27083.5,26623.5,27496.5,203055110.0,27039.0
2023-03-28 20:21,671.10991996,1680006000000,27039.5,26961.5,27059.5,18132530.0,26964.0
2023-03-28 20:26,1036.5779888,1680006300000,26964.0,26862.5,26988.0,27911850.0,26869.5
2023-03-28 20:31,741.88513531,1680006600000,26869.0,26863.5,26950.0,19961000.0,26942.5
2023-03-28 20:36,232.64702462,1680006900000,26942.5,26900.0,26956.0,6262290.0,26915.0
2023-03-28 20:41,283.44042863,1680007200000,26915.0,26861.0,26915.0,7620680.0,26914.5
2023-03-28 20:46,580.98129355,1680007500000,26914.5,26914.5,27057.5,15685400.0,27038.5
2023-03-28 20:51,194.81602746,1680007800000,27038.0,26970.0,27038.0,5262080.0,26976.0
2023-03-28 20:56,373.2433437,1680008100000,26976.5,26947.5,26996.0,10068220.0,26979.0
2023-03-28 21:01,181.97578417,1680008400000,26976.5,26961.0,27008.0,4908180.0,27008.0
2023-03-28 21:06,179.99502415,1680008700000,27007.5,26945.5,27007.5,4857620.0,26945.5
2023-03-28 21:11,177.4016819,1680009000000,26945.5,26883.0,26958.5,4776080.0,26914.0
2023-03-28 21:16,322.28306808,1680009300000,26914.0,26879.5,26916.0,8669540.0,26897.0
2023-03-28 21:21,161.39368991,1680009600000,26896.5,26877.0,26924.5,4341640.0,26924.5
2023-03-28 21:26,397.72981695,1680009900000,26924.0,26846.5,26924.0,10692100.0,26924.0
2023-03-28 21:31,714.56732837,1680010200000,26924.0,26857.0,26952.0,19223110.0,26911.0
2023-03-28 21:36,407.57860733,1680010500000,26910.5,26865.0,26948.0,10961600.0,26941.0
2023-03-28 21:41,541.25871309,1680010800000,26940.5,26894.5,26969.5,14577850.0,26921.0
2023-03-28 21:46,2126.24771419,1680011100000,26922.0,26872.5,27347.5,57406120.0,26960.0
2023-03-28 21:51,1134.88878471,1680011400000,26957.5,26957.5,27033.0,30640280.0,27000.0
2023-03-28 21:56,619.76055511,1680011700000,27000.0,26866.5,27008.5,16691900.0,26881.0
2023-03-28 22:01,1409.71474731,1680012000000,26884.0,26848.0,26963.5,37925660.0,26940.5
2023-03-28 22:06,853.89481683,1680012300000,26941.0,26941.0,27028.0,23047310.0,26982.5
2023-03-28 22:11,467.41211858,1680012600000,26980.0,26971.5,27023.5,12618770.0,26972.0
2023-03-28 22:16,628.01594927,1680012900000,26972.0,26944.0,27024.5,16943350.0,26947.0
2023-03-28 22:21,493.2857047,1680013200000,26947.5,26926.0,26995.5,13301870.0,26995.5
2023-03-28 22:26,399.05626346,1680013500000,26996.0,26988.0,27017.5,10773530.0,27004.5
2023-03-28 22:31,1150.64004001,1680013800000,27005.0,26892.5,27008.0,30998130.0,26915.0
2023-03-28 22:36,1883.85485597,1680014100000,26913.0,26523.5,27331.0,50724280.0,26924.0
2023-03-28 22:41,2695.02557244,1680014400000,26924.0,26551.5,27349.0,72649360.0,26948.5
2023-03-28 22:46,279.50796152,1680014700000,26948.5,26948.5,26995.5,7541090.0,26976.0
2023-03-28 22:51,153.23184408,1680015000000,26976.5,26923.5,26992.5,4132300.0,26930.0
2023-03-28 22:56,328.87541063,1680015300000,26930.5,26915.0,26961.5,8859150.0,26945.5
2023-03-28 23:01,130.27588177,1680015600000,26944.5,26940.5,27002.0,3514490.0,26983.0
2023-03-28 23:06,169.89100457,1680015900000,26983.5,26965.5,26991.5,4583600.0,26966.0
2023-03-28 23:11,249.26245193,1680016200000,26965.5,26925.0,26965.5,6715540.0,26954.0
2023-03-28 23:16,122.11914533,1680016500000,26954.5,26954.5,27003.5,3295100.0,26988.0
2023-03-28 23:21,2307.28422515,1680016800000,26990.0,26582.0,27380.0,62274890.0,26979.0
2023-03-28 23:26,402.48009587,1680017100000,26979.0,26961.0,27008.0,10858530.0,27008.0
2023-03-28 23:31,4165.1541618,1680017400000,27008.0,26631.0,27443.5,112694660.0,27041.0
2023-03-28 23:36,907.31256988,1680017700000,27041.5,26971.0,27102.5,24536220.0,27082.0
2023-03-28 23:41,433.93040714,1680018000000,27082.0,27026.0,27082.0,11738790.0,27026.0
2023-03-28 23:46,815.36454923,1680018300000,27026.0,26950.5,27031.0,21990810.0,26978.0
2023-03-28 23:51,3399.22645452,1680018600000,26978.5,26585.5,27395.5,91753510.0,26989.0
2023-03-28 23:56,119.23545524,1680018900000,26990.5,26971.5,27011.0,3217900.0,27011.0
2023-03-29 00:01,437.90685674,1680019200000,27011.5,26970.5,27035.5,11829350.0,26975.0
2023-03-29 00:06,450.43885523,1680019500000,26975.0,26912.0,26975.0,12144160.0,26912.0
2023-03-29 00:11,697.44657029,1680019800000,26911.0,26866.0,26946.5,18772280.0,26925.0
2023-03-29 00:16,458.91855633,1680020100000,26925.0,26870.5,26929.5,12345190.0,26881.5
2023-03-29 00:21,212.23262301,1680020400000,26881.5,26873.0,26929.0,5708490.0,26900.0
2023-03-29 00:26,98.61122355,1680020700000,26899.5,26889.0,26924.5,2653240.0,26914.5
2023-03-29 00:31,85.7248775,1680021000000,26913.5,26882.0,26924.5,2306200.0,26921.0
2023-03-29 00:36,80.43598897,1680021300000,26921.0,26910.5,26928.5,2165280.0,26910.5
2023-03-29 00:41,340.99580807,1680021600000,26910.0,26910.0,26936.5,9180080.0,26922.0
2023-03-29 00:46,267.37565641,1680021900000,26921.5,26905.0,26930.5,7197420.0,26921.0
2023-03-29 00:51,65.50394237,1680022200000,26920.0,26861.5,26920.0,1761280.0,26870.5
2023-03-29 00:56,91.58748923,1680022500000,26870.0,26855.0,26895.5,2461650.0,26884.5
2023-03-29 01:01,60.44321357,1680022800000,26884.5,26859.0,26900.5,1624720.0,26882.5
2023-03-29 01:06,783.81245044,1680023100000,26882.0,26846.0,26920.5,21064660.0,26907.0
2023-03-29 01:11,81.89704864,1680023400000,26906.5,26880.0,26914.5,2202580.0,26880.5
2023-03-29 01:16,395.01137795,1680023700000,26880.5,26754.0,26886.5,10588750.0,26828.0
2023-03-29 01:21,659.93229801,1680024000000,26826.5,26793.0,26850.0,17700010.0,26816.5
2023-03-29 01:26,906.13294617,1680024300000,26817.0,26782.0,26923.5,24350980.0,26892.5
2023-03-29 01:31,861.90594063,1680024600000,26892.5,26787.5,26906.5,23138650.0,26810.5
2023-03-29 01:36,554.91322378,1680024900000,26810.0,26803.0,26865.0,14891340.0,26819.0
2023-03-29 01:41,123.95632985,1680025200000,26820.0,26815.0,26852.0,3325830.0,26823.0
2023-03-29 01:46,86.19977927,1680025500000,26823.5,26804.0,26858.5,2312260.0,26858.5
2023-03-29 01:51,69.15053573,1680025800000,26858.0,26831.0,26858.0,1856090.0,26841.5
2023-03-29 01:56,133.43769082,1680026100000,26842.5,26840.5,26878.5,3583790.0,26874.5
2023-03-29 02:01,541.33350397,1680026400000,26875.0,26863.0,26914.5,14559210.0,26886.0
2023-03-29 02:06,78.84832406,1680026700000,26884.5,26843.5,26884.5,2117760.0,26854.0
2023-03-29 02:11,55.05941357,1680027000000,26853.5,26844.5,26877.0,1478790.0,26873.5
2023-03-29 02:16,254.00309845,1680027300000,26873.5,26873.5,26912.0,6829540.0,26879.0
2023-03-29 02:21,107.56380776,1680027600000,26877.5,26877.5,26909.5,2892690.0,26884.0
2023-03-29 02:26,59.2433296,1680027900000,26884.0,26880.0,26915.0,1593940.0,26910.5
2023-03-29 02:31,147.98061671,1680028200000,26912.0,26868.5,26912.0,3978660.0,26890.0
2023-03-29 02:36,403.56058515,1680028500000,26890.5,26882.5,26931.5,10859970.0,26921.0
2023-03-29 02:41,170.18769589,1680028800000,26920.5,26916.0,27046.0,4594050.0,27046.0
2023-03-29 02:46,2225.06007427,1680029100000,27050.0,27050.0,27294.0,60474490.0,27294.0
2023-03-29 02:51,1028.31539305,1680029400000,27299.0,27222.5,27327.0,28049210.0,27227.5
2023-03-29 02:56,845.22922077,1680029700000,27228.0,27228.0,27416.0,23132100.0,27367.0
2023-03-29 03:01,842.47833193,1680030000000,27367.5,27300.0,27446.0,23056550.0,27308.5
2023-03-29 03:06,746.48780756,1680030300000,27308.0,27295.5,27366.5,20401470.0,27301.5
2023-03-29 03:11,543.70743964,1680030600000,27305.0,27267.0,27333.0,14847600.0,27300.0
2023-03-29 03:16,577.96172316,1680030900000,27300.0,27206.5,27322.5,15752980.0,27222.5
2023-03-29 03:21,273.12289247,1680031200000,27221.0,27181.0,27232.0,7430360.0,27189.0
2023-03-29 03:26,454.85334449,1680031500000,27188.5,27188.5,27294.5,12400610.0,27284.5
2023-03-29 03:31,622.70442008,1680031800000,27283.0,27218.5,27283.0,16971110.0,27247.0
2023-03-29 03:36,388.65978723,1680032100000,27249.0,27240.0,27285.0,10596920.0,27271.5
2023-03-29 03:41,379.4192067,1680032400000,27273.0,27264.0,27329.5,10357890.0,27324.0
2023-03-29 03:46,505.70515759,1680032700000,27320.5,27285.5,27347.0,13815110.0,27339.0
2023-03-29 03:51,1471.48366739,1680033000000,27340.0,27340.0,27536.0,40383810.0,27472.0
2023-03-29 03:56,823.93029472,1680033300000,27472.0,27422.0,27489.5,22617500.0,27446.5
2023-03-29 04:01,719.10454182,1680033600000,27449.0,27401.5,27518.0,19750660.0,27410.5
2023-03-29 04:06,379.00042109,1680033900000,27409.0,27377.0,27409.0,10381630.0,27392.0
2023-03-29 04:11,128.03315239,1680034200000,27392.5,27347.0,27401.0,3505570.0,27350.0
2023-03-29 04:16,793.15953532,1680034500000,27350.0,27319.5,27378.0,21688630.0,27354.5
2023-03-29 04:21,82.9183025,1680034800000,27353.0,27312.5,27353.5,2266630.0,27336.5
2023-03-29 04:26,43.87015739,1680035100000,27336.0,27320.5,27369.0,1199640.0,27368.5
2023-03-29 04:31,86.56238029,1680035400000,27368.5,27341.0,27373.5,2367880.0,27361.0
2023-03-29 04:36,57.658309,1680035700000,27361.0,27342.5,27365.5,1577370.0,27346.0
2023-03-29 04:41,222.72753273,1680036000000,27346.0,27298.0,27351.5,6082770.0,27324.0
2023-03-29 04:46,706.63362027,1680036300000,27325.5,27258.5,27338.0,19299280.0,27272.5
2023-03-29 04:51,174.73795696,1680036600000,27271.5,27261.5,27317.5,4768450.0,27311.0
2023-03-29 04:56,73.34042552,1680036900000,27311.5,27311.0,27356.5,2004930.0,27332.5
2023-03-29 05:01,60.68659977,1680037200000,27332.0,27317.5,27351.5,1658850.0,27351.5
2023-03-29 05:06,114.46490496,1680037500000,27351.5,27300.0,27358.0,3126790.0,27304.0
2023-03-29 05:11,64.26424884,1680037800000,27302.5,27260.0,27305.0,1753370.0,27260.0
2023-03-29 05:16,13.46005507,1680038100000,27261.0,27247.5,27274.5,366980.0,27274.5
2023-03-29 05:21,80.56169509,1680038400000,27275.0,27275.0,27321.0,2199060.0,27291.0
2023-03-29 05:26,7.88402534,1680038700000,27288.0,27270.0,27289.5,215040.0,27279.0
2023-03-29 05:31,9.68944836,1680039000000,27279.5,27257.0,27284.0,264270.0,27266.5
2023-03-29 05:36,13.14549408,1680039300000,27266.0,27251.5,27269.0,358340.0,27251.5
2023-03-29 05:41,33.33905753,1680039600000,27251.5,27239.0,27266.0,908420.0,27266.0
2023-03-29 05:46,1666.40514769,1680039900000,27266.0,27125.5,27266.0,45291960.0,27171.0
2023-03-29 05:51,6031.27427337,1680040200000,27170.5,26778.5,27609.0,164040370.0,26778.5
2023-03-29 05:56,2862.65196479,1680040500000,27181.5,26791.0,27606.0,77823860.0,27204.5
2023-03-29 06:01,2400.53693247,1680040800000,27204.0,26769.5,27577.5,65252450.0,27186.5
2023-03-29 06:06,2968.38547499,1680041100000,27186.5,26801.0,27603.0,80903990.0,27195.0
2023-03-29 06:11,1542.52505711,1680041400000,27195.0,26800.5,27615.0,41996800.0,27209.0
2023-03-29 06:16,4891.3640028,1680041700000,27210.5,26807.0,27633.5,133153450.0,27208.0
2023-03-29 06:21,4579.84409803,1680042000000,27208.0,26766.0,27601.0,124472640.0,27203.5
2023-03-29 06:26,71.11384641,1680042300000,27203.5,27201.0,27247.0,1935920.0,27227.0
2023-03-29 06:31,49.03603761,1680042600000,27227.0,27197.0,27227.0,1334430.0,27207.0
2023-03-29 06:36,36.43063905,1680042900000,27206.0,27195.5,27224.5,991130.0,27224.5
2023-03-29 06:41,53.79753709,1680043200000,27224.0,27183.5,27224.0,1463070.0,27191.5
2023-03-29 06:46,2306.9023926,1680043500000,27188.5,26784.5,27601.5,62775730.0,27201.5
2023-03-29 06:51,40.6214867,1680043800000,27201.0,27196.5,27213.0,1105090.0,27208.5
2023-03-29 06:56,21.41111099,1680044100000,27208.0,27196.5,27231.5,582670.0,27231.5
2023-03-29 07:01,28.70184401,1680044400000,27233.0,27233.0,27271.0,782370.0,27270.5
2023-03-29 07:06,312.96088212,1680044700000,27270.5,27270.0,27330.0,8546490.0,27281.0
2023-03-29 07:11,228.61937068,1680045000000,27281.0,27235.0,27281.0,6232830.0,27238.0
2023-03-29 07:16,107.08215696,1680045300000,27238.5,27223.5,27269.5,2918270.0,27269.5
2023-03-29 07:21,34.96252504,1680045600000,27269.0,27260.5,27300.0,953770.0,27287.5
2023-03-29 07:26,89.186524,1680045900000,27287.5,27277.0,27309.5,2433950.0,27289.5
2023-03-29 07:31,446.6039417,1680046200000,27289.5,27268.5,27322.5,12187360.0,27268.5
2023-03-29 07:36,314.0040045,1680046500000,27268.5,27247.5,27286.5,8563530.0,27275.0
2023-03-29 07:41,277.19112524,1680046800000,27274.5,27247.5,27301.5,7555300.0,27301.5
2023-03-29 07:46,486.13936232,1680047100000,27305.5,27289.5,27326.5,13274930.0,27295.0
2023-03-29 07:51,231.62838098,1680047400000,27294.5,27272.0,27310.5,6322430.0,27280.0
2023-03-29 07:56,38.10271238,1680047700000,27283.5,27270.0,27297.5,1039490.0,27274.0
2023-03-29 08:01,521.29281243,1680048000000,27274.0,27260.0,27300.0,14221310.0,27300.0
2023-03-29 08:06,200.83838366,1680048300000,27302.0,27270.0,27303.0,5479680.0,27293.5
2023-03-29 08:11,89.63781654,1680048600000,27292.5,27282.5,27310.5,2447300.0,27283.0
2023-03-29 08:16,33.6650349,1680048900000,27283.0,27282.5,27312.5,918860.0,27311.0
2023-03-29 08:21,144.14060488,1680049200000,27311.0,27302.5,27359.5,3939130.0,27338.5
2023-03-29 08:26,136.342016,1680049500000,27338.5,27305.5,27338.5,3725250.0,27327.5
2023-03-29 08:31,24.38202661,1680049800000,27327.0,27302.5,27333.0,665960.0,27303.0
2023-03-29 08:36,24.105099,1680050100000,27303.0,27299.0,27324.5,658250.0,27324.0
2023-03-29 08:41,73.41874336,1680050400000,27324.5,27281.0,27324.5,2004260.0,27300.5
2023-03-29 08:46,42.04017269,1680050700000,27301.5,27260.5,27301.5,1146710.0,27280.5
2023-03-29 08:51,45.13989415,1680051000000,27280.5,27280.5,27312.0,1232260.0,27289.0
2023-03-29 08:56,83.90110081,1680051300000,27288.5,27273.0,27304.5,2290100.0,27284.0
2023-03-29 09:01,38.53894449,1680051600000,27284.0,27279.5,27310.0,1051930.0,27310.0
2023-03-29 09:06,45.099854,1680051900000,27310.0,27290.0,27323.0,1231520.0,27290.0
2023-03-29 09:11,565.08587463,1680052200000,27290.0,27288.0,27359.0,15439850.0,27352.0
2023-03-29 09:16,1106.90738454,1680052500000,27351.0,27351.0,27474.5,30336560.0,27471.0
2023-03-29 09:21,575.15920428,1680052800000,27471.5,27416.0,27483.0,15788020.0,27434.0
2023-03-29 09:26,295.69509291,1680053100000,27433.5,27406.5,27442.5,8111770.0,27419.0
2023-03-29 09:31,53.54106624,1680053400000,27421.5,27402.5,27432.5,1468090.0,27411.0
2023-03-29 09:36,313.51358771,1680053700000,27413.5,27368.0,27419.5,8588320.0,27385.5
2023-03-29 09:41,764.57062232,1680054000000,27385.0,27382.0,27432.5,20949740.0,27382.0
2023-03-29 09:46,548.01756543,1680054300000,27382.0,27313.0,27382.0,14987800.0,27326.5
2023-03-29 09:51,72.71392205,1680054600000,27327.0,27319.5,27343.0,1987240.0,27342.0
2023-03-29 09:56,52.00881365,1680054900000,27342.5,27331.0,27356.0,1422090.0,27345.0
2023-03-29 10:01,33.26221799,1680055200000,27345.0,27330.5,27348.0,909350.0,27335.5
2023-03-29 10:06,22.54705652,1680055500000,27335.0,27331.0,27340.0,616360.0,27334.5
2023-03-29 10:11,42.51096746,1680055800000,27334.5,27330.0,27340.0,1162040.0,27330.0
2023-03-29 10:16,53.51473087,1680056100000,27330.0,27314.5,27330.5,1462310.0,27321.0
2023-03-29 10:21,237.02941137,1680056400000,27320.0,27318.0,27377.0,6484260.0,27366.0
2023-03-29 10:26,44.58098748,1680056700000,27366.5,27361.5,27399.0,1220850.0,27382.0
2023-03-29 10:31,53.37201007,1680057000000,27382.0,27378.0,27394.5,1461570.0,27393.0
2023-03-29 10:36,18.63030434,1680057300000,27393.0,27382.5,27404.0,510320.0,27404.0
2023-03-29 10:41,172.41518365,1680057600000,27403.5,27384.0,27409.0,4723550.0,27384.0
2023-03-29 10:46,262.78151378,1680057900000,27384.0,27384.0,27420.5,7199720.0,27386.0
2023-03-29 10:51,113.98406729,1680058200000,27386.0,27381.5,27396.5,3122450.0,27396.0
2023-03-29 10:56,222.13123847,1680058500000,27396.5,27396.5,27434.5,6090950.0,27419.5
2023-03-29 11:01,14.44705321,1680058800000,27419.5,27417.5,27429.5,396190.0,27421.5
2023-03-29 11:06,18.7040908,1680059100000,27421.5,27417.0,27430.5,512930.0,27417.0
2023-03-29 11:11,115.04863184,1680059400000,27417.0,27402.5,27427.0,3154610.0,27402.5
2023-03-29 11:16,29.90836076,1680059700000,27403.0,27395.5,27416.5,819740.0,27395.5
2023-03-29 11:21,29.180558,1680060000000,27396.0,27371.0,27403.0,799150.0,27373.5
2023-03-29 11:26,85.68382245,1680060300000,27373.5,27372.5,27408.0,2347160.0,27405.0
2023-03-29 11:31,18.18811458,1680060600000,27405.0,27389.5,27408.0,498290.0,27408.0
2023-03-29 11:36,19.16394434,1680060900000,27408.0,27391.5,27408.0,525180.0,27391.5
2023-03-29 11:41,19.50199639,1680061200000,27391.0,27367.5,27391.5,534070.0,27367.5
2023-03-29 11:46,37.91803112,1680061500000,27366.0,27342.0,27366.5,1037020.0,27354.5
2023-03-29 11:51,174.4433642,1680061800000,27354.5,27353.5,27372.0,4774370.0,27372.0
2023-03-29 11:56,165.70141206,1680062100000,27372.0,27371.5,27381.0,4535800.0,27374.5
2023-03-29 12:01,61.84486318,1680062400000,27374.0,27374.0,27380.0,1693080.0,27376.5
2023-03-29 12:06,81.91098046,1680062700000,27377.0,27373.5,27377.5,2242440.0,27377.0
2023-03-29 12:11,230.15513229,1680063000000,27377.0,27377.0,27393.0,6302010.0,27380.5
2023-03-29 12:16,95.55496762,1680063300000,27380.5,27360.5,27386.5,2615650.0,27386.5
2023-03-29 12:21,282.0118052,1680063600000,27386.5,27386.5,27453.0,7733430.0,27418.0
2023-03-29 12:26,14.83976686,1680063900000,27418.5,27418.0,27432.0,406970.0,27418.0
2023-03-29 12:31,1290.17435472,1680064200000,27418.0,27406.5,27628.0,35529150.0,27559.5
2023-03-29 12:36,1032.94736525,1680064500000,27559.0,27550.0,27593.5,28482980.0,27582.0
2023-03-29 12:41,891.41837119,1680064800000,27582.0,27524.0,27611.0,24570350.0,27555.0
2023-03-29 12:46,456.2193739,1680065100000,27560.0,27544.5,27617.5,12579810.0,27559.5
2023-03-29 12:51,316.64811765,1680065400000,27559.0,27533.0,27600.0,8727320.0,27596.0
2023-03-29 12:56,126.60308616,1680065700000,27596.0,27576.5,27605.5,3493430.0,27599.0
2023-03-29 13:01,355.9165685,1680066000000,27599.5,27572.5,27615.0,9823260.0,27614.5
2023-03-29 13:06,520.47880072,1680066300000,27614.5,27614.5,27677.5,14389220.0,27615.5
2023-03-29 13:11,311.21070006,1680066600000,27615.0,27586.0,27628.5,8589810.0,27595.0
2023-03-29 13:16,209.60810558,1680066900000,27594.5,27572.5,27679.0,5787150.0,27630.0
2023-03-29 13:21,894.63591156,1680067200000,27631.5,27590.0,27646.0,24713320.0,27620.0
2023-03-29 13:26,254.76110366,1680067500000,27622.0,27600.5,27634.0,7035380.0,27605.0
2023-03-29 13:31,564.25624351,1680067800000,27605.0,27556.5,27610.0,15575980.0,27561.5
2023-03-29 13:36,196.65365634,1680068100000,27561.5,27540.0,27580.5,5419840.0,27551.0
2023-03-29 13:41,62.24527965,1680068400000,27551.0,27543.5,27572.0,1715350.0,27556.5
2023-03-29 13:46,33.77441649,1680068700000,27556.0,27547.0,27571.5,930810.0,27564.5
2023-03-29 13:51,28.56419097,1680069000000,27564.0,27547.0,27576.0,787230.0,27576.0
2023-03-29 13:56,15.13078371,1680069300000,27576.0,27556.0,27576.0,417080.0,27567.5
2023-03-29 14:01,73.90733461,1680069600000,27568.0,27522.0,27568.0,2035130.0,27528.5
2023-03-29 14:06,27.22181882,1680069900000,27529.0,27529.0,27548.0,749630.0,27546.5
2023-03-29 14:11,739.54439128,1680070200000,27546.5,27546.5,27634.5,20407470.0,27601.0
2023-03-29 14:16,125.66537892,1680070500000,27601.0,27587.0,27622.0,3469060.0,27622.0
2023-03-29 14:21,610.43580887,1680070800000,27622.0,27617.5,27706.5,16891490.0,27673.0
2023-03-29 14:26,2151.97935284,1680071100000,27672.0,27648.0,28048.0,59866310.0,28015.0
2023-03-29 14:31,2215.64822859,1680071400000,28015.5,27990.5,28187.5,62295030.0,28126.5
2023-03-29 14:36,1868.43166354,1680071700000,28124.0,28071.5,28177.5,52552370.0,28071.5
2023-03-29 14:41,972.75941611,1680072000000,28071.5,28071.5,28139.0,27336950.0,28118.0
2023-03-29 14:46,1001.41665121,1680072300000,28118.0,28070.0,28161.5,28169780.0,28070.0
2023-03-29 14:51,755.86404438,1680072600000,28069.5,28044.0,28093.5,21214230.0,28059.0
2023-03-29 14:56,684.20217216,1680072900000,28058.5,28055.0,28093.5,19205090.0,28063.5
2023-03-29 15:01,801.73161293,1680073200000,28063.5,28026.0,28102.0,22503050.0,28043.5
2023-03-29 15:06,215.80891059,1680073500000,28044.5,28000.0,28056.5,6048410.0,28000.5
2023-03-29 15:11,66.71462648,1680073800000,28000.5,28000.5,28034.0,1869240.0,28005.0
2023-03-29 15:16,556.43445023,1680074100000,28004.0,28004.0,28098.0,15618630.0,28098.0
2023-03-29 15:21,311.22943864,1680074400000,28099.5,28084.5,28130.0,8748400.0,28096.5
2023-03-29 15:26,821.95889652,1680074700000,28096.0,28069.5,28121.5,23083540.0,28081.0
2023-03-29 15:31,88.79321665,1680075000000,28081.0,28081.0,28102.5,2494550.0,28100.0
2023-03-29 15:36,203.13917495,1680075300000,28100.0,28091.5,28128.5,5712000.0,28115.5
2023-03-29 15:41,510.94893458,1680075600000,28115.5,28115.5,28180.0,14380720.0,28179.0
2023-03-29 15:46,473.89431661,1680075900000,28178.5,28149.5,28190.0,13350550.0,28190.0
2023-03-29 15:51,187.2506056,1680076200000,28190.0,28127.0,28196.0,5274120.0,28131.5
2023-03-29 15:56,232.30674291,1680076500000,28131.5,28100.0,28143.0,6533780.0,28114.5
2023-03-29 16:01,266.35575591,1680076800000,28114.5,28066.0,28120.0,7480740.0,28068.0
2023-03-29 16:06,191.77879804,1680077100000,28068.5,28066.0,28138.5,5391520.0,28138.0
2023-03-29 16:11,3024.87206243,1680077400000,28136.5,28134.0,28409.5,85650470.0,28383.0
2023-03-29 16:16,1199.2268627,1680077700000,28379.0,28293.0,28437.0,34002890.0,28331.5
2023-03-29 16:21,916.82498953,1680078000000,28332.0,28332.0,28527.5,26063750.0,28507.5
2023-03-29 16:26,934.04102593,1680078300000,28507.5,28475.0,28541.5,26624480.0,28506.5
2023-03-29 16:31,2099.15482918,1680078600000,28511.5,28469.0,28647.5,59935690.0,28631.5
2023-03-29 16:36,2559.13939657,1680078900000,28629.0,28579.0,28660.5,73235310.0,28588.5
2023-03-29 16:41,953.45009521,1680079200000,28589.0,28485.0,28603.5,27213450.0,28485.0
2023-03-29 16:46,365.80144434,1680079500000,28485.5,28485.5,28531.5,10427920.0,28529.5
2023-03-29 16:51,476.6778527,1680079800000,28529.5,28506.5,28588.0,13614130.0,28511.5
2023-03-29 16:56,1130.42265372,1680080100000,28511.5,28507.5,28609.0,32308740.0,28553.0
2023-03-29 17:01,455.78420693,1680080400000,28554.0,28529.0,28595.0,13017770.0,28529.0
2023-03-29 17:06,193.04611265,1680080700000,28524.0,28511.0,28548.5,5507350.0,28539.0
2023-03-29 17:11,617.67342118,1680081000000,28539.5,28539.5,28598.0,17648950.0,28552.0
2023-03-29 17:16,531.95361914,1680081300000,28552.0,28511.0,28566.0,15177660.0,28528.0
2023-03-29 17:21,374.47106349,1680081600000,28527.5,28520.5,28563.0,10687700.0,28547.5
2023-03-29 17:26,471.12961293,1680081900000,28547.0,28454.5,28561.0,13440880.0,28454.5
2023-03-29 17:31,616.05021075,1680082200000,28455.0,28431.5,28482.0,17533780.0,28438.0
2023-03-29 17:36,714.0300922,1680082500000,28437.5,28424.0,28489.0,20323640.0,28466.5
2023-03-29 17:41,249.83733951,1680082800000,28466.0,28395.0,28466.0,7101610.0,28404.5
2023-03-29 17:46,309.26173355,1680083100000,28404.5,28378.0,28422.5,8782400.0,28411.5
2023-03-29 17:51,181.44883452,1680083400000,28411.5,28352.0,28411.5,5147460.0,28359.5
2023-03-29 17:56,246.68751119,1680083700000,28359.5,28344.5,28414.5,7001400.0,28344.5
2023-03-29 18:01,32.50373804,1680084000000,28344.5,28342.0,28374.0,921700.0,28374.0
2023-03-29 18:06,8590.65705836,1680084300000,28373.5,27935.5,28793.5,243670900.0,28388.0
2023-03-29 18:11,2774.38219001,1680084600000,28388.5,27973.0,28823.0,78763250.0,28339.0
2023-03-29 18:16,418.45331671,1680084900000,28334.5,28276.5,28348.5,11844430.0,28345.5
2023-03-29 18:21,154.47265278,1680085200000,28345.0,28345.0,28429.0,4385050.0,28429.0
2023-03-29 18:26,570.50527831,1680085500000,28428.0,28412.5,28459.5,16227830.0,28414.5
2023-03-29 18:31,77.4366087,1680085800000,28418.0,28415.5,28441.0,2201270.0,28433.5
2023-03-29 18:36,129.24307635,1680086100000,28433.5,28433.5,28468.5,3678380.0,28447.0
2023-03-29 18:41,392.35421655,1680086400000,28445.5,28381.5,28446.0,11149260.0,28406.5
2023-03-29 18:46,57.64306927,1680086700000,28409.5,28375.0,28409.5,1636560.0,28402.5
2023-03-29 18:51,79.74667382,1680087000000,28402.5,28344.0,28402.5,2261490.0,28350.5
2023-03-29 18:56,410.64782901,1680087300000,28350.0,28330.0,28410.0,11652860.0,28404.5
2023-03-29 19:01,649.47015937,1680087600000,28405.0,28313.5,28406.5,18413930.0,28313.5
2023-03-29 19:06,90.44495999,1680087900000,28313.5,28301.5,28345.5,2562100.0,28305.0
2023-03-29 19:11,216.61288366,1680088200000,28305.5,28299.0,28335.5,6134290.0,28299.0
2023-03-29 19:16,118.54249032,1680088500000,28298.5,28296.5,28321.0,3355050.0,28307.5
2023-03-29 19:21,67.53300436,1680088800000,28307.0,28307.0,28361.5,1913930.0,28361.5
2023-03-29 19:26,355.78077366,1680089100000,28360.5,28353.0,28404.5,10099970.0,28364.5
2023-03-29 19:31,225.45959502,1680089400000,28366.0,28350.5,28380.5,6395060.0,28350.5
2023-03-29 19:36,45.42227708,1680089700000,28350.0,28335.0,28353.5,1287550.0,28335.5
2023-03-29 19:41,94.87818186,1680090000000,28335.0,28329.0,28360.0,2688920.0,28338.0
2023-03-29 19:46,194.01402172,1680090300000,28338.0,28338.0,28375.0,5502180.0,28338.0
2023-03-29 19:51,774.68944202,1680090600000,28338.0,28326.0,28782.5,22001550.0,28370.0
2023-03-29 19:56,33.40716787,1680090900000,28370.5,28370.5,28397.0,948260.0,28380.5
2023-03-29 20:01,385.87262184,1680091200000,28380.5,28350.5,28405.0,10953120.0,28380.5
2023-03-29 20:06,481.95358477,1680091500000,28380.5,28360.5,28426.5,13686230.0,28408.0
2023-03-29 20:11,761.77214303,1680091800000,28406.5,28316.0,28411.0,21602670.0,28364.0
2023-03-29 20:16,201.02734463,1680092100000,28363.5,28337.0,28389.0,5701860.0,28338.5
2023-03-29 20:21,297.19273082,1680092400000,28338.5,28281.0,28345.0,8414760.0,28345.0
2023-03-29 20:26,441.39922762,1680092700000,28345.0,28337.5,28406.0,12526940.0,28392.0
2023-03-29 20:31,228.99142372,1680093000000,28392.0,28387.0,28427.0,6504790.0,28396.5
2023-03-29 20:36,452.96939746,1680093300000,28396.5,28341.0,28396.5,12850530.0,28369.0
2023-03-29 20:41,91.94255254,1680093600000,28369.0,28359.0,28385.0,2608750.0,28377.5
2023-03-29 20:46,208.05514427,1680093900000,28377.5,28354.0,28420.0,5908070.0,28396.5
2023-03-29 20:51,54.76927295,1680094200000,28396.0,28387.5,28423.5,1555760.0,28423.5
2023-03-29 20:56,405.53313614,1680094500000,28426.0,28425.5,28510.5,11547430.0,28473.0
2023-03-29 21:01,277.31712079,1680094800000,28472.5,28446.5,28499.5,7898760.0,28446.5
2023-03-29 21:06,290.22805502,1680095100000,28446.5,28422.0,28483.5,8255900.0,28478.0
2023-03-29 21:11,161.66390291,1680095400000,28476.5,28429.5,28517.5,4603510.0,28429.5
2023-03-29 21:16,480.36409321,1680095700000,28431.5,28376.0,28442.0,13645650.0,28426.0
2023-03-29 21:21,180.06791973,1680096000000,28428.0,28376.0,28430.0,5113100.0,28391.5
2023-03-29 21:26,210.62617567,1680096300000,28390.5,28353.5,28402.5,5976920.0,28386.5
2023-03-29 21:31,356.22812837,1680096600000,28387.0,28367.5,28463.5,10121090.0,28400.0
2023-03-29 21:36,383.16141758,1680096900000,28400.5,28400.5,28478.0,10893880.0,28439.5
2023-03-29 21:41,625.99021512,1680097200000,28441.0,28415.0,28458.5,17802800.0,28458.5
2023-03-29 21:46,1260.00486579,1680097500000,28458.5,28354.0,28478.0,35829970.0,28411.0
2023-03-29 21:51,627.53380556,1680097800000,28409.5,28406.5,28484.5,17849210.0,28426.0
2023-03-29 21:56,130.76676142,1680098100000,28426.5,28423.5,28446.5,3718330.0,28438.5
2023-03-29 22:01,189.22543391,1680098400000,28438.5,28406.5,28460.5,5381260.0,28437.5
2023-03-29 22:06,479.70488686,1680098700000,28437.5,28416.0,28476.5,13643480.0,28467.5
2023-03-29 22:11,61.09121041,1680099000000,28466.0,28463.5,28486.0,1739720.0,28486.0
2023-03-29 22:16,1014.11735706,1680099300000,28485.5,28471.5,28599.5,28952730.0,28579.5
2023-03-29 22:21,352.34007798,1680099600000,28583.5,28498.5,28620.0,10063040.0,28510.5
2023-03-29 22:26,987.61686824,1680099900000,28510.5,28352.5,28510.5,28081430.0,28391.5
2023-03-29 22:31,564.32744241,1680100200000,28391.5,28337.0,28413.0,16017250.0,28375.0
2023-03-29 22:36,3521.63618868,1680100500000,28372.5,28242.5,28737.0,99842340.0,28339.0
2023-03-29 22:41,10704.00210301,1680100800000,28339.0,27949.0,28819.5,303733240.0,28389.0
2023-03-29 22:46,745.17549822,1680101100000,28388.5,28290.5,28400.5,21107020.0,28306.0
2023-03-29 22:51,3282.50412224,1680101400000,28306.0,27921.5,28777.5,92966530.0,28305.0
2023-03-29 22:56,377.84890828,1680101700000,28305.0,28292.0,28339.0,10698000.0,28305.0
2023-03-29 23:01,370.66462976,1680102000000,28305.0,28290.5,28339.5,10497990.0,28339.5
2023-03-29 23:06,262.73426865,1680102300000,28339.5,28327.5,28380.0,7447880.0,28380.0
2023-03-29 23:11,387.34977441,1680102600000,28384.0,28344.0,28385.0,10984450.0,28353.0
2023-03-29 23:16,159.85566134,1680102900000,28353.0,28340.5,28362.0,4531430.0,28348.5
2023-03-29 23:21,226.5026463,1680103200000,28348.5,28348.5,28415.0,6431820.0,28406.0
2023-03-29 23:26,119.39639925,1680103500000,28407.5,28400.5,28449.5,3394080.0,28449.0
2023-03-29 23:31,265.76119338,1680103800000,28449.0,28426.5,28511.5,7568240.0,28473.5
2023-03-29 23:36,84.09768509,1680104100000,28473.5,28448.5,28502.0,2394480.0,28448.5
2023-03-29 23:41,70.17119794,1680104400000,28447.0,28441.0,28470.0,1996770.0,28459.0
2023-03-29 23:46,266.26076796,1680104700000,28459.0,28446.5,28485.0,7579600.0,28450.0
2023-03-29 23:51,83.02780564,1680105000000,28450.0,28427.5,28459.0,2361830.0,28445.5
2023-03-29 23:56,469.46434391,1680105300000,28445.5,28425.5,28522.5,13365850.0,28473.5
2023-03-30 00:01,311.40423006,1680105600000,28473.5,28400.0,28479.5,8855710.0,28408.0
2023-03-30 00:06,520.45563725,1680105900000,28408.5,28367.0,28416.0,14775580.0,28371.5
